mmsi,name,lat,lon,speed,heading,time,anomaly,anomaly_score
538011876,ASPHALT SERENITY,1.2891766666666666,103.95066166666668,0.1,276,2026-09-18 13:42:02.693297223 +0000 UTC,-1,-0.0032071916748921403
563197000,BLISS,1.24173,103.80266333333334,0.0,320,2026-09-18 13:42:03.545318087 +0000 UTC,1,0.18299594410396597
563019670,CLEANSEAS FERRY 2,1.2282866666666663,103.79203,13.8,189,2026-09-18 13:42:10.674204862 +0000 UTC,1,0.008761272967307776
441617000,BS HAIPHONG,1.2437399999999998,103.79964166666667,0.0,316,2026-09-18 13:42:14.944418598 +0000 UTC,1,0.18294806999360197
563029230,SYNERGY,1.2490883333333334,103.867185,0.6,350,2026-09-18 13:42:18.542437817 +0000 UTC,1,0.1248587625245638
636023240,DONGBANG GIANT NO.2,1.271015,103.88473666666668,0.0,194,2026-09-18 13:42:18.618307025 +0000 UTC,1,0.13508615473268393
477333200,DARYA SATI,1.14067,103.72976333333332,10.5,281,2026-09-18 13:42:20.744797957 +0000 UTC,-1,-0.12131208012876027
565472000,CHWNTEK 5,1.2558016666666667,103.88599666666668,0.2,162,2026-09-18 13:42:22.621859654 +0000 UTC,1,0.1319385228081344
563029230,SYNERGY,1.2490816666666666,103.86720333333332,0.6,348,2026-09-18 13:42:24.543841172 +0000 UTC,1,0.1248587625245638
564189000,RAFFLES SAMURAI,1.2191516666666666,103.81042,0.2,329,2026-09-18 13:42:27.695766355 +0000 UTC,1,0.1379449372503172
566685000,SEA SOLIDARITY,1.25332,103.72972,4.3,511,2026-09-18 13:42:30.473077121 +0000 UTC,-1,-0.06958023405942648
563087310,PSA VELA (NN79),1.276185,103.77668666666666,1.1,300,2026-09-18 13:42:31.495672597 +0000 UTC,1,0.07907514127823428
311000224,WHISTLER SPIRIT,1.269155,103.91232166666668,0.0,236,2026-09-18 13:42:34.949775678 +0000 UTC,1,0.144023201325629
563406000,BTS CALYPSO,1.2317166666666668,103.80801666666666,0.1,322,2026-09-18 13:42:35.764623942 +0000 UTC,1,0.172606216890131
563223700,SRIWANGI III,1.2289983333333334,103.82008333333332,0.4,341,2026-09-18 13:42:36.314962909 +0000 UTC,1,0.14236086956137078
564526000,EVER BEST,1.2589,103.87671333333331,4.4,511,2026-09-18 13:42:38.1907412 +0000 UTC,-1,-0.0009734747741453331
405000431,AMMAR I,1.1713166666666666,103.794395,8.8,242,2026-09-18 13:42:38.32278701 +0000 UTC,1,0.03288775889614293
563317400,GOLDEN CENTAURUS,1.1888133333333333,103.82107,6.1,250,2026-09-18 13:42:41.400075177 +0000 UTC,1,0.08751214348305192
563142000,PENGUIN REDEEM,1.2249433333333333,103.77898333333331,0.1,333,2026-09-18 13:42:41.823708648 +0000 UTC,1,0.16107702691516368
353851000,BRIDGE,1.22615,103.89401666666666,10.1,251,2026-09-18 13:42:42.620807108 +0000 UTC,1,0.07231347782479325
574005830,AULAC MISSION,1.2361,103.7976,0.0,320,2026-09-18 13:42:42.93114825 +0000 UTC,1,0.18623378921594685
563711000,PERL,1.2401166666666663,103.89564833333334,3.5,316,2026-09-18 13:42:43.431239663 +0000 UTC,1,0.08023865072908781
538007582,CX TARPON,1.2748166666666667,103.90084666666668,0.0,196,2026-09-18 13:42:43.737855045 +0000 UTC,1,0.12981520940223928
563247900,MAJESTIC PASSION,1.23613,103.86056333333332,11.8,137,2026-09-18 13:42:44.466113517 +0000 UTC,1,0.04025897727170191
565823000,MARINE JEWEL,1.269605,103.93705833333334,0.0,242,2026-09-18 13:42:46.897196137 +0000 UTC,1,0.10650952690063836
232046705,BERGE ODEL,1.2511433333333335,103.88689833333332,0.1,174,2026-09-18 13:42:48.531245904 +0000 UTC,1,0.13553537962073986
319297100,SAIPH,1.2368283333333332,103.77743666666667,9.3,129,2026-09-18 13:42:48.6487726 +0000 UTC,1,0.10090677965869865
636024354,DP WORLD JEBEL ALI,1.2522283333333335,103.779775,4.4,320,2026-09-18 13:42:48.734263669 +0000 UTC,1,0.08830634426104988
566664000,ENA SAMURAI,1.235,103.82221666666666,0.0,305,2026-09-18 13:42:49.264794306 +0000 UTC,1,0.15983799644099944
477793600,COSCOSHIPPINGSINCERE,1.1945733333333337,103.88822333333331,8.0,75,2026-09-18 13:42:49.541391553 +0000 UTC,1,0.02611709472742485
563317400,GOLDEN CENTAURUS,1.1887033333333332,103.82080833333332,6.1,250,2026-09-18 13:42:50.95139858 +0000 UTC,1,0.09044141596415511
566474000,STRAITS ORACLE,1.23968,103.79179833333332,0.1,4,2026-09-18 13:42:52.575090954 +0000 UTC,1,0.07225065614022458
563197000,BLISS,1.2417433333333332,103.80263833333332,0.1,321,2026-09-18 13:42:54.877420193 +0000 UTC,1,0.18548697233394934
255915678,ESL DANA,1.22414,103.788985,8.7,142,2026-09-18 13:42:56.925603621 +0000 UTC,1,0.10652723255701108
416043000,CHINA STEEL HARMONY,1.2791783333333333,103.93120333333331,0.0,254,2026-09-18 13:43:02.51354415 +0000 UTC,1,0.09917952291672938
352003576,VST OCEANIA,1.23073,103.95726,10.9,79,2026-09-18 13:43:03.62120284 +0000 UTC,-1,-0.06365004790983242
311817000,NORDIC FREEDOM,1.2623616666666666,103.91407166666666,0.0,239,2026-09-18 13:43:06.120883582 +0000 UTC,1,0.14566262725645523
565173000,AYER CHERDEK,1.23187,103.80363166666666,0.0,511,2026-09-18 13:43:12.201973657 +0000 UTC,1,0.09241317256403764
563074570,VISION 225,1.2616633333333334,103.84566,0.1,511,2026-09-18 13:43:12.455298245 +0000 UTC,1,0.0723178395584485
563196200,SINAR BAJO,1.2817316666666665,103.763605,0.0,121,2026-09-18 13:43:16.554138237 +0000 UTC,1,0.03771542189513899
5631101,PSAB,1.2735716666666663,103.80135333333332,0.0,511,2026-09-18 13:43:17.320866433 +0000 UTC,1,0.04856296647637881
477124200,SUN PROFIT,1.2744116666666665,103.91356833333332,0.1,242,2026-09-18 13:43:17.577039957 +0000 UTC,1,0.11526206085722385
371860000,MSC LORENA,1.2100666666666666,103.87047,5.4,240,2026-09-18 13:43:22.193375377 +0000 UTC,1,0.0863137452796287
565472000,CHWNTEK 5,1.2558716666666667,103.88594666666668,0.2,160,2026-09-18 13:43:22.611493061 +0000 UTC,1,0.13143417581566164
477212100,PROS ECHO,1.2782433333333332,103.91106833333332,0.0,236,2026-09-18 13:43:24.914905183 +0000 UTC,1,0.12899512305224037
566702000,HY TALENT,1.2613616666666667,103.87370666666668,0.3,13,2026-09-18 13:43:25.124490313 +0000 UTC,1,0.046685496596790776
563070820,MPA 2,1.2642133333333334,103.82756,0.1,511,2026-09-18 13:43:25.835549723 +0000 UTC,1,0.07682447395950825
256162000,,1.211495,103.78219833333333,0.0,122,2026-09-18 13:43:26.281197549 +0000 UTC,1,0.0764894976460972
417222405,CEYLON BREEZE,1.2091483333333335,103.87914,7.1,243,2026-09-18 13:43:26.319880612 +0000 UTC,1,0.08792124893582326
353641000,DAEWOO DIAMOND,1.16345,103.80901,13.3,60,2026-09-18 13:43:28.327947056 +0000 UTC,-1,-0.041027462651008206
563056100,PEARL MELODY,1.2358716666666667,103.78950166666668,2.8,351,2026-09-18 13:43:29.781500151 +0000 UTC,1,0.10737597244983133
538010993,AEOLIAN VICTORY,1.2761333333333331,103.97566666666668,0.0,285,2026-09-18 13:43:29.783441333 +0000 UTC,1,0.015138571569505599
525121064,JENGGALA BANGO,1.1752833333333332,103.75396666666668,0.0,107,2026-09-18 13:43:30.462557324 +0000 UTC,-1,-0.04444003733547497
563087310,PSA VELA (NN79),1.276335,103.77673333333334,0.7,311,2026-09-18 13:43:32.850316831 +0000 UTC,1,0.09335861834796505
538004172,DUBAI ATTRACTION,1.21302,103.86468,9.7,60,2026-09-18 13:43:34.301433026 +0000 UTC,1,0.05238637663915757
352004662,HAWKS MAJESTY,1.2471083333333333,103.80002666666664,0.1,320,2026-09-18 13:43:34.984411862 +0000 UTC,1,0.183691861524428
636016293,ELANDRA MELODY,1.1656733333333331,103.81494833333332,15.0,65,2026-09-18 13:43:38.568051702 +0000 UTC,-1,-0.051043935934528384
563317400,GOLDEN CENTAURUS,1.18818,103.819495,6.0,250,2026-09-18 13:43:41.423819343 +0000 UTC,1,0.07475487702244221
566982000,HY EMERALD,1.2457683333333334,103.78862333333332,6.4,48,2026-09-18 13:43:41.516163864 +0000 UTC,1,0.05291055809951195
563142000,PENGUIN REDEEM,1.2249516666666669,103.778975,0.0,333,2026-09-18 13:43:41.814135447 +0000 UTC,1,0.15481065740550398
353851000,BRIDGE,1.2252833333333333,103.89118333333332,11.2,250,2026-09-18 13:43:42.58651377 +0000 UTC,1,0.04864201020791714
563275600,MARINA AMMOLITE,1.2387933333333334,103.75229833333331,0.2,250,2026-09-18 13:43:43.262825726 +0000 UTC,1,0.08882185579019486
563315900,PACIFIC WISE,1.219493333333333,103.86637,7.8,37,2026-09-18 13:43:45.654688278 +0000 UTC,1,0.05647944869197119
563313500,ENA HAVEN,1.2317866666666668,103.82339833333334,0.0,319,2026-09-18 13:43:48.335672171 +0000 UTC,1,0.16715365386978626
319297100,SAIPH,1.2351383333333332,103.779425,9.3,130,2026-09-18 13:43:48.646862329 +0000 UTC,1,0.10740962956510047
563142000,PENGUIN REDEEM,1.2249533333333331,103.778975,0.1,333,2026-09-18 13:43:51.283917262 +0000 UTC,1,0.16248900024217544
566474000,STRAITS ORACLE,1.2396366666666667,103.79180833333334,0.2,7,2026-09-18 13:43:52.647976461 +0000 UTC,1,0.07500052715177785
574001750,AULAC DIAMOND,1.2139833333333334,103.80825,0.4,339,2026-09-18 13:43:56.697673144 +0000 UTC,1,0.11212621396985967
255915678,ESL DANA,1.222295,103.79054,8.6,140,2026-09-18 13:43:56.91649352 +0000 UTC,1,0.1035105860821195
563179400,DH DILIGENCY,1.2421816666666667,103.79136166666667,0.1,331,2026-09-18 13:43:57.171373852 +0000 UTC,1,0.17886294339641146
538011338,OSLO STAR,1.2560416666666667,103.90993166666668,0.0,216,2026-09-18 13:43:59.004137723 +0000 UTC,1,0.13544809924220103
457900892,LIONCREST,1.2369966666666667,103.79373666666667,0.1,511,2026-09-18 13:44:01.015567039 +0000 UTC,1,0.09214418900027699
